<?xml version="1.0" encoding="UTF-8"?>
<odoo>
  <data noupdate="1">
    <!-- Retenciones ISLR -->
        <!-- bloque 1 -->
        <record id="tax_retencion_001" model="seniat.tabla.islr">
            <field name="code_seniat">001</field>
            <field name="activity_name">Sueldos y Salarios</field>
            <field name="seniat_partner_type_id" ref="seniat_partner_type_pnr"/>
            <field name="factor_id" ref="seniat_factor_83"/>
            <field name="withholding_base_percentage">100</field>
            <field name="seniat_ut_id" ref="seniat_ut_1500"/>
            <field name="type_subtracting">no_amount</field>
            <!--<field name="code_identification_seniat">1.b</field>-->
            <field name="banda_calculo_ids" eval="[(5, 0),
                (0,0, {
                    'amount_minimum': 0.01,
                    'amount_maximum': 0.00,
                    'type_amount': 'bs',
                    'withholding_percentage': 3.00
                })
            ]"/>
        </record>


        <!-- bloque 2 -->
        <record id="tax_retencion_002" model="seniat.tabla.islr">
            <field name="code_seniat">002</field>
            <field name="activity_name">Honorarios Profesionales</field>
            <field name="seniat_partner_type_id" ref="seniat_partner_type_pnr"/>
            <field name="factor_id" ref="seniat_factor_83"/>
            <field name="withholding_base_percentage">100</field>
            <field name="seniat_ut_id" ref="seniat_ut_1500"/>
            <field name="type_subtracting">amount</field>
            <field name="code_identification_seniat">1.b</field>
            <field name="banda_calculo_ids" eval="[(5, 0),
                (0,0, {
                    'amount_minimum': 50000.00,
                    'amount_maximum': 0.00,
                    'type_amount': 'bs',
                    'type_subtracting_rel':'amount',
                    'withholding_amount': 1666667.00,
                    'withholding_percentage': 3.00
                })
            ]"/>
        </record>
        <record id="tax_retencion_003" model="seniat.tabla.islr">
            <field name="code_seniat">003</field>
            <field name="activity_name">Preparadores de Animales</field>
            <field name="seniat_partner_type_id" ref="seniat_partner_type_pnnr"/>
            <field name="factor_id" ref="seniat_factor_83"/>
            <field name="withholding_base_percentage">90</field>
            <field name="seniat_ut_id" ref="seniat_ut_1500"/>
            <field name="type_subtracting">no_amount</field>
            <field name="code_identification_seniat">1.c</field>
            <field name="banda_calculo_ids" eval="[(5, 0),
                (0,0, {
                    'amount_minimum': 0.01,
                    'amount_maximum': 0.00,
                    'type_amount': 'bs',
                    'withholding_percentage': 34.00
                })
            ]"/>
        </record>
        <record id="tax_retencion_004" model="seniat.tabla.islr">
            <field name="code_seniat">004</field>
            <field name="activity_name">Honorarios Profesionales</field>
            <field name="seniat_partner_type_id" ref="seniat_partner_type_pjd"/>
            <field name="factor_id" ref="seniat_factor_83"/>
            <field name="withholding_base_percentage">100</field>
            <field name="seniat_ut_id" ref="seniat_ut_1500"/>
            <field name="type_subtracting">no_amount</field>
            <field name="code_identification_seniat">1.b</field>
            <field name="banda_calculo_ids" eval="[(5, 0),
                (0,0, {
                    'amount_minimum': 25.00,
                    'amount_maximum': 0.00,
                    'type_amount': 'bs',
                    'withholding_percentage': 5.00
                })
            ]"/>
        </record>
        <record id="tax_retencion_005" model="seniat.tabla.islr">
            <field name="code_seniat">005</field>
            <field name="activity_name">Honorarios Profesionales</field>
            <field name="seniat_partner_type_id" ref="seniat_partner_type_pjnd"/>
            <field name="factor_id" ref="seniat_factor_83"/>
            <field name="withholding_base_percentage">90</field>
            <field name="seniat_ut_id" ref="seniat_ut_1500"/>
            <field name="type_subtracting">amount</field>
            <field name="code_identification_seniat">1.a</field>
            <field name="banda_calculo_ids" eval="[(5, 0),
                (0,0, {
                    'amount_minimum': 0.01,
                    'amount_maximum': 2000.00,
                    'type_amount': 'ut',
                    'type_subtracting_rel':'amount',
                    'withholding_amount': 0.00,
                    'withholding_percentage': 15.00
                }),
                (0,0, {
                    'amount_minimum': 2000.00,
                    'amount_maximum': 3000.00,
                    'type_amount': 'ut',
                    'type_subtracting_rel':'amount',
                    'withholding_amount': 140.00,
                    'withholding_percentage': 22.00
                }),
                (0,0, {
                    'amount_minimum': 3001.00,
                    'amount_maximum': 0.00,
                    'type_amount': 'ut',
                    'type_subtracting_rel':'amount',
                    'withholding_amount': 500.00,
                    'withholding_percentage': 34.00
                })
            ]"/>
        </record>


        <!-- bloque 3 -->
        <record id="tax_retencion_018" model="seniat.tabla.islr">
            <field name="code_seniat">018</field>
            <field name="activity_name">Comisiones distintas a Remuneraciones Sueldos y Salarios</field>
            <field name="seniat_partner_type_id" ref="seniat_partner_type_pnr"/>
            <field name="factor_id" ref="seniat_factor_83"/>
            <field name="withholding_base_percentage">100</field>
            <field name="seniat_ut_id" ref="seniat_ut_1500"/>
            <field name="type_subtracting">amount</field>
            <field name="banda_calculo_ids" eval="[(5, 0),
                (0,0, {
                    'amount_minimum': 125000.0,
                    'amount_maximum': 0.00,
                    'type_amount': 'bs',
                    'type_subtracting_rel':'amount',
                    'withholding_amount': 3750.00,
                    'withholding_percentage': 3.00
                })
            ]"/>
        </record>
        <record id="tax_retencion_019" model="seniat.tabla.islr">
            <field name="code_seniat">019</field>
            <field name="activity_name">Comisiones distintas a Remuneraciones Sueldos y Salarios</field>
            <field name="seniat_partner_type_id" ref="seniat_partner_type_pnnr"/>
            <field name="factor_id" ref="seniat_factor_83"/>
            <field name="withholding_base_percentage">100</field>
            <field name="seniat_ut_id" ref="seniat_ut_1500"/>
            <field name="type_subtracting">no_amount</field>
            <field name="banda_calculo_ids" eval="[(5, 0),
                (0,0, {
                    'amount_minimum': 0.01,
                    'amount_maximum': 0.00,
                    'type_amount': 'bs',
                    'withholding_percentage': 34.00
                })
            ]"/>
        </record>
        <record id="tax_retencion_020" model="seniat.tabla.islr">
            <field name="code_seniat">020</field>
            <field name="activity_name">Comisiones distintas a Remuneraciones Sueldos y Salarios</field>
            <field name="seniat_partner_type_id" ref="seniat_partner_type_pjd"/>
            <field name="factor_id" ref="seniat_factor_83"/>
            <field name="withholding_base_percentage">100</field>
            <field name="seniat_ut_id" ref="seniat_ut_1500"/>
            <field name="type_subtracting">no_amount</field>
            <field name="banda_calculo_ids" eval="[(5, 0),
                (0,0, {
                    'amount_minimum': 25.00,
                    'amount_maximum': 0.00,
                    'type_amount': 'bs',
                    'withholding_percentage': 5.00
                })
            ]"/>
        </record>
        <record id="tax_retencion_021" model="seniat.tabla.islr">
            <field name="code_seniat">021</field>
            <field name="activity_name">Comisiones distintas a Remuneraciones Sueldos y Salarios</field>
            <field name="seniat_partner_type_id" ref="seniat_partner_type_pjnd"/>
            <field name="factor_id" ref="seniat_factor_83"/>
            <field name="withholding_base_percentage">100</field>
            <field name="seniat_ut_id" ref="seniat_ut_1500"/>
            <field name="type_subtracting">amount</field>
            <field name="banda_calculo_ids" eval="[(5, 0),
                (0,0, {
                    'amount_minimum': 0.01,
                    'amount_maximum': 0.00,
                    'type_amount': 'bs',
                    'withholding_percentage': 5.00
                })
            ]"/>
        </record>


        <!-- bloque 4 -->
        <record id="tax_retencion_053" model="seniat.tabla.islr">
            <field name="code_seniat">053</field>
            <field name="activity_name">Servicios (Incluyendo Suministros y Bienes)</field>
            <field name="seniat_partner_type_id" ref="seniat_partner_type_pnr"/>
            <field name="factor_id" ref="seniat_factor_83"/>
            <field name="withholding_base_percentage">100</field>
            <field name="seniat_ut_id" ref="seniat_ut_1500"/>
            <field name="type_subtracting">amount</field>
            <field name="code_identification_seniat">11</field>
            <field name="banda_calculo_ids" eval="[(5, 0),
                (0,0, {
                    'amount_minimum': 16667.0,
                    'amount_maximum': 0.00,
                    'type_amount': 'bs',
                    'type_subtracting_rel':'amount',
                    'withholding_amount': 1666667.00,
                    'withholding_percentage': 1.00
                })
            ]"/>
        </record>
        <record id="tax_retencion_054" model="seniat.tabla.islr">
            <field name="code_seniat">054</field>
            <field name="activity_name">Servicios (Incluyendo Suministros y Bienes)</field>
            <field name="seniat_partner_type_id" ref="seniat_partner_type_pnnr"/>
            <field name="factor_id" ref="seniat_factor_83"/>
            <field name="withholding_base_percentage">100</field>
            <field name="seniat_ut_id" ref="seniat_ut_1500"/>
            <field name="type_subtracting">no_amount</field>
            <field name="code_identification_seniat">11</field>
            <field name="banda_calculo_ids" eval="[(5, 0),
                (0,0, {
                    'amount_minimum': 0.01,
                    'amount_maximum': 0.00,
                    'type_amount': 'bs',
                    'withholding_percentage': 34.00
                })
            ]"/>
        </record>
        <record id="tax_retencion_055" model="seniat.tabla.islr">
            <field name="code_seniat">055</field>
            <field name="activity_name">Servicios (Incluyendo Suministros y Bienes)</field>
            <field name="seniat_partner_type_id" ref="seniat_partner_type_pjd"/>
            <field name="factor_id" ref="seniat_factor_83"/>
            <field name="withholding_base_percentage">100</field>
            <field name="seniat_ut_id" ref="seniat_ut_1500"/>
            <field name="type_subtracting">no_amount</field>
            <field name="code_identification_seniat">11</field>
            <field name="banda_calculo_ids" eval="[(5, 0),
                (0,0, {
                    'amount_minimum': 25.00,
                    'amount_maximum': 0.00,
                    'type_amount': 'bs',
                    'withholding_percentage': 2.00
                })
            ]"/>
        </record>
        <record id="tax_retencion_056" model="seniat.tabla.islr">
            <field name="code_seniat">056</field>
            <field name="activity_name">Servicios (Incluyendo Suministros y Bienes)</field>
            <field name="seniat_partner_type_id" ref="seniat_partner_type_pjnd"/>
            <field name="factor_id" ref="seniat_factor_83"/>
            <field name="withholding_base_percentage">100</field>
            <field name="seniat_ut_id" ref="seniat_ut_1500"/>
            <field name="type_subtracting">amount</field>
            <field name="code_identification_seniat">11</field>
            <field name="banda_calculo_ids" eval="[(5, 0),
                (0,0, {
                    'amount_minimum': 0.00,
                    'amount_maximum': 2000.00,
                    'type_amount': 'ut',
                    'type_subtracting_rel':'amount',
                    'withholding_amount': 0.00,
                    'withholding_percentage': 15.00
                }),
                (0,0, {
                    'amount_minimum': 2000.00,
                    'amount_maximum': 3000.00,
                    'type_amount': 'ut',
                    'type_subtracting_rel':'amount',
                    'withholding_amount': 140.00,
                    'withholding_percentage': 22.00
                }),
                (0,0, {
                    'amount_minimum': 3001.00,
                    'amount_maximum': 0.00,
                    'type_amount': 'ut',
                    'type_subtracting_rel':'amount',
                    'withholding_amount': 500.00,
                    'withholding_percentage': 34.00
                })
            ]"/>
        </record>

        <!-- bloque 5 -->
        <record id="tax_retencion_057" model="seniat.tabla.islr">
            <field name="code_seniat">057</field>
            <field name="activity_name">Arrendadamiento bienes inmuebles</field>
            <field name="seniat_partner_type_id" ref="seniat_partner_type_pnr"/>
            <field name="factor_id" ref="seniat_factor_83"/>
            <field name="withholding_base_percentage">100</field>
            <field name="seniat_ut_id" ref="seniat_ut_1500"/>
            <field name="type_subtracting">amount</field>
            <field name="code_identification_seniat">12</field>
            <field name="banda_calculo_ids" eval="[(5, 0),
                (0,0, {
                    'amount_minimum': 50000.0,
                    'amount_maximum': 0.00,
                    'type_subtracting_rel':'amount',
                    'withholding_amount': 1666667.00,
                    'type_amount': 'bs',
                    'withholding_percentage': 3.00
                })
            ]"/>
        </record>
        <record id="tax_retencion_058" model="seniat.tabla.islr">
            <field name="code_seniat">058</field>
            <field name="activity_name">Arrendadamiento bienes inmuebles</field>
            <field name="seniat_partner_type_id" ref="seniat_partner_type_pnnr"/>
            <field name="factor_id" ref="seniat_factor_83"/>
            <field name="withholding_base_percentage">100</field>
            <field name="seniat_ut_id" ref="seniat_ut_1500"/>
            <field name="type_subtracting">no_amount</field>
            <field name="code_identification_seniat">12</field>
            <field name="banda_calculo_ids" eval="[(5, 0),
                (0,0, {
                    'amount_minimum': 0.01,
                    'amount_maximum': 0.00,
                    'type_amount': 'bs',
                    'withholding_percentage': 34.00
                })
            ]"/>
        </record>
        <record id="tax_retencion_059" model="seniat.tabla.islr">
            <field name="code_seniat">059</field>
            <field name="activity_name">Arrendadamiento bienes inmuebles</field>
            <field name="seniat_partner_type_id" ref="seniat_partner_type_pjd"/>
            <field name="factor_id" ref="seniat_factor_83"/>
            <field name="withholding_base_percentage">100</field>
            <field name="seniat_ut_id" ref="seniat_ut_1500"/>
            <field name="type_subtracting">no_amount</field>
            <field name="code_identification_seniat">12</field>
            <field name="banda_calculo_ids" eval="[(5, 0),
                (0,0, {
                    'amount_minimum': 25.00,
                    'amount_maximum': 0.00,
                    'type_amount': 'bs',
                    'withholding_percentage': 5.00
                })
            ]"/>
        </record>
        <record id="tax_retencion_060" model="seniat.tabla.islr">
            <field name="code_seniat">060</field>
            <field name="activity_name">Arrendadamiento bienes inmuebles</field>
            <field name="seniat_partner_type_id" ref="seniat_partner_type_pjnd"/>
            <field name="factor_id" ref="seniat_factor_83"/>
            <field name="withholding_base_percentage">100</field>
            <field name="seniat_ut_id" ref="seniat_ut_1500"/>
            <field name="type_subtracting">amount</field>
            <field name="code_identification_seniat">12</field>
            <field name="banda_calculo_ids" eval="[(5, 0),
                (0,0, {
                    'amount_minimum': 0.01,
                    'amount_maximum': 2000.00,
                    'type_amount': 'ut',
                    'type_subtracting_rel':'amount',
                    'withholding_amount': 0.00,
                    'withholding_percentage': 15.00
                }),
                (0,0, {
                    'amount_minimum': 2000.00,
                    'amount_maximum': 3000.00,
                    'type_amount': 'ut',
                    'type_subtracting_rel':'amount',
                    'withholding_amount': 140.00,
                    'withholding_percentage': 22.00
                }),
                (0,0, {
                    'amount_minimum': 3001.00,
                    'amount_maximum': 0.00,
                    'type_amount': 'ut',
                    'type_subtracting_rel':'amount',
                    'withholding_amount': 500.00,
                    'withholding_percentage': 34.00
                })
            ]"/>
        </record>


        <!-- bloque 6 -->
        <record id="tax_retencion_061" model="seniat.tabla.islr">
            <field name="code_seniat">061</field>
            <field name="activity_name">Arrendadamiento bienes Muebles</field>
            <field name="seniat_partner_type_id" ref="seniat_partner_type_pnr"/>
            <field name="factor_id" ref="seniat_factor_83"/>
            <field name="withholding_base_percentage">100</field>
            <field name="seniat_ut_id" ref="seniat_ut_1500"/>
            <field name="type_subtracting">amount</field>
            <field name="code_identification_seniat">13</field>
            <field name="banda_calculo_ids" eval="[(5, 0),
                (0,0, {
                    'amount_minimum': 50000.0,
                    'amount_maximum': 0.00,
                    'type_amount': 'bs',
                    'type_subtracting_rel':'amount',
                    'withholding_amount': 1666667.00,
                    'withholding_percentage': 3.00
                })
            ]"/>
        </record>
        <record id="tax_retencion_062" model="seniat.tabla.islr">
            <field name="code_seniat">062</field>
            <field name="activity_name">Arrendadamiento bienes Muebles</field>
            <field name="seniat_partner_type_id" ref="seniat_partner_type_pnnr"/>
            <field name="factor_id" ref="seniat_factor_83"/>
            <field name="withholding_base_percentage">100</field>
            <field name="seniat_ut_id" ref="seniat_ut_1500"/>
            <field name="type_subtracting">no_amount</field>
            <field name="code_identification_seniat">13</field>
            <field name="banda_calculo_ids" eval="[(5, 0),
                (0,0, {
                    'amount_minimum': 0.01,
                    'amount_maximum': 0.00,
                    'type_amount': 'bs',
                    'withholding_percentage': 34.00
                })
            ]"/>
        </record>
        <record id="tax_retencion_063" model="seniat.tabla.islr">
            <field name="code_seniat">063</field>
            <field name="activity_name">Arrendadamiento bienes Muebles</field>
            <field name="seniat_partner_type_id" ref="seniat_partner_type_pjd"/>
            <field name="factor_id" ref="seniat_factor_83"/>
            <field name="withholding_base_percentage">100</field>
            <field name="seniat_ut_id" ref="seniat_ut_1500"/>
            <field name="type_subtracting">no_amount</field>
            <field name="code_identification_seniat">13</field>
            <field name="banda_calculo_ids" eval="[(5, 0),
                (0,0, {
                    'amount_minimum': 25.00,
                    'amount_maximum': 0.00,
                    'type_amount': 'bs',
                    'withholding_percentage': 5.00
                })
            ]"/>
        </record>
        <record id="tax_retencion_064" model="seniat.tabla.islr">
            <field name="code_seniat">064</field>
            <field name="activity_name">Arrendadamiento bienes Muebles</field>
            <field name="seniat_partner_type_id" ref="seniat_partner_type_pjnd"/>
            <field name="factor_id" ref="seniat_factor_83"/>
            <field name="withholding_base_percentage">100</field>
            <field name="seniat_ut_id" ref="seniat_ut_1500"/>
            <field name="type_subtracting">amount</field>
            <field name="code_identification_seniat">13</field>
            <field name="banda_calculo_ids" eval="[(5, 0),
                (0,0, {
                    'amount_minimum': 0.01,
                    'amount_maximum': 0.00,
                    'type_amount': 'bs',
                    'withholding_percentage': 5.00
                })
            ]"/>
        </record>


        <!-- bloque 7 -->
        <record id="tax_retencion_071" model="seniat.tabla.islr">
            <field name="code_seniat">071</field>
            <field name="activity_name">Fletes y Gastos de Transporte Nacional</field>
            <field name="seniat_partner_type_id" ref="seniat_partner_type_pnr"/>
            <field name="factor_id" ref="seniat_factor_83"/>
            <field name="withholding_base_percentage">100</field>
            <field name="seniat_ut_id" ref="seniat_ut_1500"/>
            <field name="type_subtracting">amount</field>
            <field name="code_identification_seniat">15</field>
            <field name="banda_calculo_ids" eval="[(5, 0),
                (0,0, {
                    'amount_minimum': 16667.0,
                    'amount_maximum': 0.00,
                    'type_amount': 'bs',
                    'type_subtracting_rel':'amount',
                    'withholding_amount': 1666667.00,
                    'withholding_percentage': 1.00
                })
            ]"/>
        </record>
        <record id="tax_retencion_072" model="seniat.tabla.islr">
            <field name="code_seniat">072</field>
            <field name="activity_name">Fletes y Gastos de Transporte Nacional</field>
            <field name="seniat_partner_type_id" ref="seniat_partner_type_pjd"/>
            <field name="factor_id" ref="seniat_factor_83"/>
            <field name="withholding_base_percentage">100</field>
            <field name="seniat_ut_id" ref="seniat_ut_1500"/>
            <field name="type_subtracting">no_amount</field>
            <field name="code_identification_seniat">15</field>
            <field name="banda_calculo_ids" eval="[(5, 0),
                (0,0, {
                    'amount_minimum': 25.00,
                    'amount_maximum': 0.00,
                    'type_amount': 'bs',
                    'withholding_percentage': 3.00
                })
            ]"/>
        </record>


         <!-- bloque 8 -->
        <record id="tax_retencion_073" model="seniat.tabla.islr">
            <field name="code_seniat">073</field>
            <field name="activity_name">Fletes Pagados a Personas Naturales o Jurídicas Domiciliadas en el Pais</field>
            <field name="seniat_partner_type_id" ref="seniat_partner_type_pnr"/>
            <field name="factor_id" ref="seniat_factor_83"/>
            <field name="withholding_base_percentage">100</field>
            <field name="seniat_ut_id" ref="seniat_ut_1500"/>
            <field name="type_subtracting">amount</field>
            <field name="banda_calculo_ids" eval="[(5, 0),
                (0,0, {
                    'amount_minimum': 25.00,
                    'amount_maximum': 0.00,
                    'type_amount': 'bs',
                    'withholding_percentage': 3.00
                })
            ]"/>
        </record>
        <record id="tax_retencion_074" model="seniat.tabla.islr">
            <field name="code_seniat">074</field>
            <field name="activity_name">Fletes Pagados a Personas Naturales o Jurídicas Domiciliadas en el Pais</field>
            <field name="seniat_partner_type_id" ref="seniat_partner_type_pjd"/>
            <field name="factor_id" ref="seniat_factor_83"/>
            <field name="withholding_base_percentage">100</field>
            <field name="seniat_ut_id" ref="seniat_ut_1500"/>
            <field name="type_subtracting">no_amount</field>
            <field name="banda_calculo_ids" eval="[(5, 0),
                (0,0, {
                    'amount_minimum': 25.00,
                    'amount_maximum': 0.00,
                    'type_amount': 'bs',
                    'withholding_percentage': 5.00
                })
            ]"/>
        </record>


         <!-- bloque 9 -->
        <record id="tax_retencion_083" model="seniat.tabla.islr">
            <field name="code_seniat">083</field>
            <field name="activity_name">Publicidad y Propaganda</field>
            <field name="seniat_partner_type_id" ref="seniat_partner_type_pnr"/>
            <field name="factor_id" ref="seniat_factor_83"/>
            <field name="withholding_base_percentage">100</field>
            <field name="seniat_ut_id" ref="seniat_ut_1500"/>
            <field name="type_subtracting">amount</field>
            <field name="code_identification_seniat">19</field>
            <field name="banda_calculo_ids" eval="[(5, 0),
                (0,0, {
                    'amount_minimum': 50000.00,
                    'amount_maximum': 0.00,
                    'type_amount': 'bs',
                    'type_subtracting_rel':'amount',
                    'withholding_amount': 1666667.00,
                    'withholding_percentage': 3.00
                })
            ]"/>
        </record>
        <record id="tax_retencion_084" model="seniat.tabla.islr">
            <field name="code_seniat">084</field>
            <field name="activity_name">Publicidad y Propaganda</field>
            <field name="seniat_partner_type_id" ref="seniat_partner_type_pjd"/>
            <field name="factor_id" ref="seniat_factor_83"/>
            <field name="withholding_base_percentage">100</field>
            <field name="seniat_ut_id" ref="seniat_ut_1500"/>
            <field name="type_subtracting">no_amount</field>
            <field name="code_identification_seniat">19</field>
            <field name="banda_calculo_ids" eval="[(5, 0),
                (0,0, {
                    'amount_minimum': 25.00,
                    'amount_maximum': 0.00,
                    'type_amount': 'bs',
                    'withholding_percentage': 5.00
                })
            ]"/>
        </record>
        <record id="tax_retencion_085" model="seniat.tabla.islr">
            <field name="code_seniat">085</field>
            <field name="activity_name">Publicidad y Propaganda</field>
            <field name="seniat_partner_type_id" ref="seniat_partner_type_pjnd"/>
            <field name="factor_id" ref="seniat_factor_83"/>
            <field name="withholding_base_percentage">100</field>
            <field name="seniat_ut_id" ref="seniat_ut_1500"/>
            <field name="type_subtracting">no_amount</field>
            <field name="code_identification_seniat">19</field>
            <field name="banda_calculo_ids" eval="[(5, 0),
                (0,0, {
                    'amount_minimum': 0.01,
                    'amount_maximum': 0.00,
                    'type_amount': 'bs',
                    'withholding_percentage': 5.00
                })
            ]"/>
        </record>


        <!-- bloque 9 -->
        <record id="tax_retencion_086" model="seniat.tabla.islr">
            <field name="code_seniat">086</field>
            <field name="activity_name">Publicidad y Propaganda Radio</field>
            <field name="seniat_partner_type_id" ref="seniat_partner_type_pjd"/>
            <field name="factor_id" ref="seniat_factor_83"/>
            <field name="withholding_base_percentage">100</field>
            <field name="seniat_ut_id" ref="seniat_ut_1500"/>
            <field name="type_subtracting">no_amount</field>
            <field name="code_identification_seniat">19</field>
            <field name="banda_calculo_ids" eval="[(5, 0),
                (0,0, {
                    'amount_minimum': 0.01,
                    'amount_maximum': 0.00,
                    'type_amount': 'bs',
                    'withholding_percentage': 3.00
                })
            ]"/>
        </record>
  </data>
</odoo>
