<?xml version="1.0" encoding="UTF-8"?>
<odoo>
    <record model='res.bank' id='0156'>
        <field name='name'>100% BANCO</field>
        <field name='active'>1</field>
        <field name='street'>Av.  Blandín. Centro San Ignacio. Torre Copérnico. Piso 10.</field>
        <field name='city'>Caracas</field>
        <field name='country' ref='base.ve'/>
        <field name='phone'>0212-2775444</field>
        <field name='email'>atencionalcliente@100x100banco.com</field>
    </record>
    <record model='res.bank' id='0172'>
        <field name='name'>BANCAMIGA BANCO MICROFINANCIERO, C.A</field>
        <field name='active'>1</field>
        <field name='street'></field>
        <field name='street2'></field>
        <field name='city'>Caracas</field>
        <field name='country' ref='base.ve'/>
        <field name='phone'>0212-9583333</field>
        <field name='email'></field>
    </record>
    <record model='res.bank' id='0171'>
        <field name='name'>BANCO ACTIVO BANCO COMERCIAL, C.A</field>
        <field name='active'>1</field>
        <field name='street'>Av. Francisco de Miranda con Av. Los Cortijos de Campo Alegre, Torre Europa PH.</field>
        <field name='street2'></field>
        <field name='city'>Caracas</field>
        <field name='country' ref='base.ve'/>
        <field name='phone'>0212-9583333</field>
        <field name='email'></field>
    </record>
    <record model='res.bank' id='0166'>
        <field name='name'>BANCO AGRICOLA, C.A</field>
        <field name='active'>1</field>
        <field name='street'>Av. Francisco de Miranda Edificio Cavendes. Piso 17. </field>
        <field name='street2'>Urb. Los Palos Grandes</field>
        <field name='city'>Caracas</field>
        <field name='country' ref='base.ve'/>
        <field name='phone'></field>
        <field name='email'></field>
    </record>
    <record model='res.bank' id='0175'>
        <field name='name'>BANCO BICENTENARIO DEL PUEBLO, BANCO UNIVERSAL</field>
        <field name='active'>1</field>
        <field name='street'></field>
        <field name='street2'></field>
        <field name='city'>Caracas</field>
        <field name='country' ref='base.ve'/>
        <field name='phone'>0212-9583333</field>
        <field name='email'></field>
    </record>
    <record model='res.bank' id='0128'>
        <field name='name'>BANCO CARONI, BANCO UNIVERSAL</field>
        <field name='active'>1</field>
        <field name='street'></field>
        <field name='street2'></field>
        <field name='city'>Caracas</field>
        <field name='country' ref='base.ve'/>
        <field name='phone'></field>
        <field name='email'></field>
    </record>
    <record model='res.bank' id='0164'>
        <field name='name'>BANCO DE DESARROLLO DEL MICROEMPRESARIO</field>
        <field name='active'>1</field>
        <field name='street'></field>
        <field name='street2'></field>
        <field name='city'>Caracas</field>
        <field name='country' ref='base.ve'/>
        <field name='phone'></field>
        <field name='email'></field>
    </record>
    <record model='res.bank' id='0102'>
        <field name='name'>BANCO DE VENEZUELA S.A.I.C.A</field>
        <field name='active'>1</field>
        <field name='street'></field>
        <field name='street2'></field>
        <field name='city'>Caracas</field>
        <field name='country' ref='base.ve'/>
        <field name='phone'></field>
        <field name='email'></field>
    </record>
    <record model='res.bank' id='0114'>
        <field name='name'>BANCARIBE C.A</field>
        <field name='active'>1</field>
        <field name='street'></field>
        <field name='street2'></field>
        <field name='city'>Caracas</field>
        <field name='country' ref='base.ve'/>
        <field name='phone'></field>
        <field name='email'></field>
    </record>
    <record model='res.bank' id='0163'>
        <field name='name'>BANCO DEL TESORO</field>
        <field name='active'>1</field>
        <field name='street'></field>
        <field name='street2'></field>
        <field name='city'>Caracas</field>
        <field name='country' ref='base.ve'/>
        <field name='phone'></field>
        <field name='email'></field>
    </record>
    <record model='res.bank' id='0105'>
        <field name='name'>BANCO MERCANTIL C.A.</field>
        <field name='active'>1</field>
        <field name='street'></field>
        <field name='street2'></field>
        <field name='city'>Caracas</field>
        <field name='country' ref='base.ve'/>
        <field name='phone'></field>
        <field name='email'></field>
    </record>
    <record model='res.bank' id='0191'>
        <field name='name'>BANCO NACIONAL DE CREDITO</field>
        <field name='active'>1</field>
        <field name='street'></field>
        <field name='street2'></field>
        <field name='city'>Caracas</field>
        <field name='country' ref='base.ve'/>
        <field name='phone'></field>
        <field name='email'></field>
    </record>
    <record model='res.bank' id='0116'>
        <field name='name'>BANCO OCCIDENTAL DE DESCUENTO.</field>
        <field name='active'>1</field>
        <field name='street'></field>
        <field name='street2'></field>
        <field name='city'>Caracas</field>
        <field name='country' ref='base.ve'/>
        <field name='phone'></field>
        <field name='email'></field>
    </record>
    <record model='res.bank' id='0138'>
        <field name='name'>BANCO PLAZA.</field>
        <field name='active'>1</field>
        <field name='street'></field>
        <field name='street2'></field>
        <field name='city'>Caracas</field>
        <field name='country' ref='base.ve'/>
        <field name='phone'></field>
        <field name='email'></field>
    </record>
    <record model='res.bank' id='0108'>
        <field name='name'>BANCO PROVINCIAL BBVA</field>
        <field name='active'>1</field>
        <field name='street'></field>
        <field name='street2'></field>
        <field name='city'>Caracas</field>
        <field name='country' ref='base.ve'/>
        <field name='phone'></field>
        <field name='email'></field>
    </record>
    <record model='res.bank' id='0104'>
        <field name='name'>BANCO VENEZOLANO DE CREDITO S.A.</field>
        <field name='active'>1</field>
        <field name='street'></field>
        <field name='street2'></field>
        <field name='city'>Caracas</field>
        <field name='country' ref='base.ve'/>
        <field name='phone'></field>
        <field name='email'></field>
    </record>
    <record model='res.bank' id='0168'>
        <field name='name'>BANCRECER S.A. BANCO DE DESARROLLO</field>
        <field name='active'>1</field>
        <field name='street'></field>
        <field name='street2'></field>
        <field name='city'>Caracas</field>
        <field name='country' ref='base.ve'/>
        <field name='phone'></field>
        <field name='email'></field>
    </record>
    <record model='res.bank' id='0134'>
        <field name='name'>BANESCO BANCO UNIVERSAL</field>
        <field name='active'>1</field>
        <field name='street'></field>
        <field name='street2'></field>
        <field name='city'>Caracas</field>
        <field name='country' ref='base.ve'/>
        <field name='phone'></field>
        <field name='email'></field>
    </record>
    <record model='res.bank' id='0177'>
        <field name='name'>BANFANB</field>
        <field name='active'>1</field>
        <field name='street'></field>
        <field name='street2'></field>
        <field name='city'>Caracas</field>
        <field name='country' ref='base.ve'/>
        <field name='phone'></field>
        <field name='email'></field>
    </record>
    <record model='res.bank' id='0146'>
        <field name='name'>BANGENTE</field>
        <field name='active'>1</field>
        <field name='street'></field>
        <field name='street2'></field>
        <field name='city'>Caracas</field>
        <field name='country' ref='base.ve'/>
        <field name='phone'></field>
        <field name='email'></field>
    </record>
    <record model='res.bank' id='0174'>
        <field name='name'>BANPLUS BANCO COMERCIAL C.A</field>
        <field name='active'>1</field>
        <field name='street'></field>
        <field name='street2'></field>
        <field name='city'>Caracas</field>
        <field name='country' ref='base.ve'/>
        <field name='phone'></field>
        <field name='email'></field>
    </record>
    <record model='res.bank' id='0157'>
        <field name='name'>DELSUR BANCO UNIVERSAL</field>
        <field name='active'>1</field>
        <field name='street'></field>
        <field name='street2'></field>
        <field name='city'>Ciudad Guayana</field>
        <field name='country' ref='base.ve'/>
        <field name='phone'></field>
        <field name='email'></field>
    </record>
    <record model='res.bank' id='0151'>
        <field name='name'>BANCO FONDO COMUN</field>
        <field name='active'>1</field>
        <field name='street'></field>
        <field name='street2'></field>
        <field name='city'>Caracas</field>
        <field name='country' ref='base.ve'/>
        <field name='phone'></field>
        <field name='email'></field>
    </record>
    <record model='res.bank' id='0169'>
        <field name='name'>MIBANCO BANCO DE DESARROLLO, C.A.</field>
        <field name='active'>1</field>
        <field name='street'></field>
        <field name='street2'></field>
        <field name='city'>Caracas</field>
        <field name='country' ref='base.ve'/>
        <field name='phone'></field>
        <field name='email'></field>
    </record>
    <record model='res.bank' id='0137'>
        <field name='name'>SOFITASA</field>
        <field name='active'>1</field>
        <field name='street'></field>
        <field name='street2'></field>
        <field name='city'>San Cristobal</field>
        <field name='country' ref='base.ve'/>
        <field name='phone'></field>
        <field name='email'></field>
    </record>
</odoo>
